{
  "version": "1",
  "cognitoConfig": {
    "resourceNameTruncated": "dumpli74507e75",
    "userPoolName": "dumplingapp74507e75_userpool_74507e75",
    "autoVerifiedAttributes": [
      "email"
    ],
    "mfaConfiguration": "OPTIONAL",
    "mfaTypes": [
      "SMS Text Message"
    ],
    "smsAuthenticationMessage": "Your authentication code is {####}",
    "smsVerificationMessage": "Your verification code is {####}",
    "emailVerificationSubject": "Your verification code",
    "emailVerificationMessage": "Your verification code is {####}",
    "defaultPasswordPolicy": false,
    "passwordPolicyMinLength": 8,
    "passwordPolicyCharacters": [],
    "requiredAttributes": [],
    "aliasAttributes": [],
    "userpoolClientGenerateSecret": false,
    "userpoolClientRefreshTokenValidity": "60",
    "userpoolClientWriteAttributes": [
      "email"
    ],
    "userpoolClientReadAttributes": [
      "email"
    ],
    "userpoolClientLambdaRole": "dumpli74507e75_userpoolclient_lambda_role",
    "userpoolClientSetAttributes": false,
    "sharedId": "74507e75",
    "resourceName": "dumplingapp74507e7574507e75",
    "authSelections": "userPoolOnly",
    "useDefault": "manual",
    "usernameAttributes": [
      "email, phone_number"
    ],
    "userPoolGroups": true,
    "adminQueries": true,
    "triggers": {},
    "hostedUI": false,
    "userPoolGroupList": [
      "jesus"
    ],
    "serviceName": "Cognito",
    "usernameCaseSensitive": false,
    "useEnabledMfas": true
  }
} 