{
  "providers": {
    "awscloudformation": {
      "AuthRoleName": "amplify-dumplingapp-dev-153700-authRole",
      "UnauthRoleArn": "arn:aws:iam::229239797903:role/amplify-dumplingapp-dev-153700-unauthRole",
      "AuthRoleArn": "arn:aws:iam::229239797903:role/amplify-dumplingapp-dev-153700-authRole",
      "Region": "us-east-2",
      "DeploymentBucketName": "amplify-dumplingapp-dev-153700-deployment",
      "UnauthRoleName": "amplify-dumplingapp-dev-153700-unauthRole",
      "StackName": "amplify-dumplingapp-dev-153700",
      "StackId": "arn:aws:cloudformation:us-east-2:229239797903:stack/amplify-dumplingapp-dev-153700/bec49000-75a5-11ed-b28f-0a49de36cbec",
      "AmplifyAppId": "d27jsmp50ly6j1"
    }
  },
  "auth": {
    "userPoolGroups": {
      "service": "Cognito-UserPool-Groups",
      "providerPlugin": "awscloudformation",
      "dependsOn": [
        {
          "category": "auth",
          "resourceName": "dumplingapp74507e7574507e75",
          "attributes": [
            "UserPoolId",
            "AppClientIDWeb",
            "AppClientID"
          ]
        }
      ],
      "lastPushTimeStamp": "2022-12-06T20:51:26.320Z",
      "providerMetadata": {
        "s3TemplateURL": "https://s3.amazonaws.com/amplify-dumplingapp-dev-153700-deployment/amplify-cfn-templates/auth/userPoolGroups-cloudformation-template.json",
        "logicalId": "authuserPoolGroups"
      },
      "output": {},
      "lastPushDirHash": "holL/at3H4dteI+3a4zs69lppSw="
    },
    "dumplingapp74507e7574507e75": {
      "service": "Cognito",
      "providerPlugin": "awscloudformation",
      "dependsOn": [],
      "customAuth": false,
      "frontendAuthConfig": {
        "socialProviders": [],
        "usernameAttributes": [
          "EMAIL",
          "PHONE_NUMBER"
        ],
        "signupAttributes": [],
        "passwordProtectionSettings": {
          "passwordPolicyMinLength": 8,
          "passwordPolicyCharacters": []
        },
        "mfaConfiguration": "OPTIONAL",
        "mfaTypes": [
          "SMS"
        ],
        "verificationMechanisms": [
          "EMAIL"
        ]
      },
      "providerMetadata": {
        "s3TemplateURL": "https://s3.amazonaws.com/amplify-dumplingapp-dev-153700-deployment/amplify-cfn-templates/auth/dumplingapp74507e7574507e75-cloudformation-template.json",
        "logicalId": "authdumplingapp74507e7574507e75"
      },
      "lastPushTimeStamp": "2022-12-06T20:51:26.320Z",
      "output": {
        "CreatedSNSRole": "arn:aws:iam::229239797903:role/sns74507e75153700-dev",
        "UserPoolId": "us-east-2_GGLnQeLzt",
        "AppClientIDWeb": "1ueim85j98415eoiuurao2d0tu",
        "AppClientID": "2k10mbl4aimqtb87oreii587uf",
        "UserPoolArn": "arn:aws:cognito-idp:us-east-2:229239797903:userpool/us-east-2_GGLnQeLzt",
        "UserPoolName": "dumplingapp74507e75_userpool_74507e75"
      },
      "lastPushDirHash": "DDAOlQ65RGNz0WghTxlrqH63EA0="
    }
  }
}